State,200101,200102,200103,200104,200105,200106,200107,200108,200109,200110,200111,200112,200201,200202,200203,200204,200205,200206,200207,200208,200209,200210,200211,200212,200301,200302,200303,200304,200305,200306,200307,200308,200309,200310,200311,200312,200401,200402,200403,200404,200405,200406,200407,200408,200409,200410,200411,200412,200501,200502,200503,200504,200505,200506,200507,200508,200509,200510,200511,200512,200601,200602,200603,200604,200605,200606,200607,200608,200609,200610,200611,200612,200701,200702,200703,200704,200705,200706,200707,200708,200709,200710,200711,200712,200801,200802,200803,200804,200805,200806,200807,200808,200809,200810,200811,200812,200901,200902,200903,200904,200905,200906,200907,200908,200909,200910,200911,200912,201001,201002,201003,201004,201005,201006,201007,201008,201009,201010,201011,201012,201101,201102,201103,201104,201105,201106,201107,201108,201109,201110,201111,201112,201201,201202,201203,201204,201205,201206,201207,201208,201209,201210,201211,201212,201301,201302,201303,201304,201305,201306,201307,201308,201309,201310,201311,201312,201401,201402,201403,201404,201405,201406,201407,201408,201409,201410,201411,201412,201501,201502,201503,201504,201505,201506,201507,201508,201509,201510,201511,201512,201601,201602,201603,201604,201605,201606,201607,201608,201609,201610,201611,201612,201701,201702,201703,201704,201705,201706,201707,201708,201709,201710,201711,201712,201801,201802,201803,201804,201805,201806,201807,201808,201809,201810,201811,201812,201901,201902,201903,201904,201905,201906,201907,201908,201909,201910
"US-AK",0.087,0.074,0.081,0.071,0.069,0.07,0.074,0.073,0.086,0.083,0.086,0.097,,,,,,,,,,,,,,,,,,,,,,,,,,,,,,,,,,,,,0.02308,0.0304,0.04518,0.04573,0.04858,0.04122,0.02818,0.02536,0.0535,0.07092,0.09749,0.07937,0.08703,0.07075,0.07225,0.07261,0.06834,0.04585,0.04676,0.04047,0.04942,0.07014,0.07921,0.08516,0.05639,0.05536,0.04894,0.08433,0.06506,0.08737,0.12725,0.0955,0.10029,0.12629,0.05208,0.11317,0.00864,0.00334,0.00471,0.00536,0.00591,0.00624,0.00717,0.00839,0.00493,0.00536,0.00467,0.00327,0.04826,0.08875,0.08362,0.069,0.00283,0.87538,1.32511,1.28276,1.21284,0.5067,1.22224,0.30953,0.41588,0.68505,1.36758,1.36203,0.99963,1.25046,1.37293,1.76385,1.17705,1.13217,0.71944,0.36093,0.41813,0.05916,1.56418,0.43814,0.93613,1.09003,1.29988,1.42933,0.7534,1.15438,1.68208,1.62115,,1.44879,2.04053,2.00854,2.16885,1.67562,2.79567,1.90699,4.48528,,,6.55997,8.07664,16.50547,7.46205,7.16001,9.86422,18.67837,15.40162,17.44717,15.06117,9.65963,10.10642,9.86624,7.24,4.23899,11.35078,19.03014,9.11345,18.70647,19.35414,15.70777,9.0683,13.70742,12.90254,11.537,4.93735,9.88483,11.07535,19.18777,17.08183,13.09057,13.32097,11.6432,14.32482,10.48074,18.43651,16.23006,4.24547,7.99766,9.33311,18.07526,13.26432,18.15497,16.20603,18.20985,16.07405,19.45514,17.4438,10.84137,11.21466,11.75448,14.08744,13.97538,12.5076,10.9124,9.00838,7.35166,10.11247,14.00132,13.26932,13.49192,14.88791,13.25526,15.4135,15.32383,13.6593,14.32325,8.9442,11.27241,10.18295,11.75706,12.51834,13.47698,,,,16.81511,12.82168,13.36979,,,11.48959,14.09924
"US-AL",,,,,,,,,,,,,,,,,,,,,,,,,,,,,,,,,,,,,,,,,,,,,,,,,,,,,,,,,,,,,,,,,,,,,,,,,,,,,,,,,,,,,,,,,,,,,,,,,,,,,,,,,,,,,,,,,,,,,,,,,,,,,,,,,,,,,,,,,,,,,,,,,,,,,,,,,,,,,,,,,,,,,,,,,,,,,,,,,,,,,,,,,,,,,,,,,,,,,,,,,,,,,,,,,,,,,,,,,,,,,,,,,,
"US-AR",,,,,,,,,,,,,,,,,,,,,,,,,,,,,,,,,,,,,,,,,,,,,,,,,,,,,,,,,,,,,,,,,,,,,,,,,,,,,,,,,,,,,,,,,,,,,,,,,,,,,,,,,,,,,,,,,,,,,,,,,,,,,,,,,,,,,,,,,,,,,,,,,,,,,,,,,,,,,,,,,,,,,,,,,,,,,,,,,,,,,,,,,,,,,,,,,,,,,,,,,,,,,,,,,,,,,,,,,,,,,,,,,,
"US-AZ",,,,,,,,,,,,,,,,,,,,,,,,,,,,,,,,,,,,,,,,,,,,,,,,,,,,,,,,,,,,,,,,,,,,,,,,,,,,,,,,,,,,,,,,,,,,,,,,,,,,,,,,,,12.094,7.896,9.555,5.97,7.204,14.727,14.307,17.725,11.917,7.228,6.201,5.804,8.642,12.601,22.59,8.68,27.39,31.17,37.649,33.983,33.183,13.469,11.304,8.80535,14.26356,25.73236,9.94974,46.58141,46.5711,61.02268,51.19786,59.45554,51.61844,34.12264,30.35419,30.20284,40.5646,31.92003,48.02857,31.27272,35.01561,44.78348,54.53244,59.57968,49.28672,24.1965,18.29545,29.60711,41.4176,26.57519,35.2015,28.28427,36.16583,43.27964,57.69572,62.68024,61.77209,26.01258,25.35009,23.44823,20.70555,53.47766,29.24311,15.99287,34.77754,31.21934,53.18589,44.47433,34.24159,32.01851,29.37676,31.00678,34.89407,55.78768,55.05963,42.39418,37.54228,55.69424,49.55333,55.02665,45.96708,45.99738,20.60353,44.04356,51.32572,44.3955,49.03856,47.35836,46.32952,48.96573,51.96463,50.13642,40.98397,34.46058,35.98418,39.25693,58.35528,56.86793,59.27047,46.77221,43.42315,54.74125,55.23786,41.09332,45.47046,36.2875,37.63139,38.28326,40.43026,44.3803,46.43905,38.65953,48.08035,51.32958,54.98155,62.06614,42.90323,46.29651,43.04922,42.83845,44.16103
"US-CA",133.423,147.624,299.944,392.673,377.618,438.403,440.39,408.487,293.075,253.31,143.261,171.53,131.448,153.45,266.987,409.496,478.276,557.098,443.32,476.442,294.802,284.412,157.969,148.945,109.264,193.197,325.502,424.06,453.36,549.217,431.812,396.098,339.95,284.643,187.812,200.515,130.10173,202.16472,287.75292,399.32277,633.78893,682.64611,588.1373,491.66344,358.56317,259.10058,155.22899,117.40461,174.70113,150.04572,334.43305,429.12464,551.19419,583.73837,497.14587,384.43107,404.17438,322.17748,216.85855,214.20457,280.78637,215.08697,388.56346,430.04799,577.24271,595.60233,538.01933,500.32486,401.75991,396.27587,291.93005,267.16115,232.51914,307.09727,442.35015,612.0444,732.30185,728.55871,674.92581,599.65977,485.67795,348.9179,187.95168,232.92873,270.83673,262.21938,450.30239,538.09103,690.68106,658.0872,700.47161,648.21038,405.75032,297.67288,222.52705,240.10486,149.83668,244.60627,442.49507,602.91095,700.78591,850.32458,878.93855,678.51882,479.68181,405.92479,235.40421,170.38561,150.14245,220.6534,398.60011,545.67116,688.89232,867.4381,925.09969,731.43549,550.90245,371.64483,304.52582,323.62619,233.83916,429.30397,611.76862,960.47744,1026.43106,1020.82189,869.40215,908.28238,522.30852,415.40412,428.34575,325.45196,419.36616,581.22829,769.08924,768.48873,1316.15829,1361.76427,1000.93206,1000.75536,696.87965,776.07187,384.65927,678.83649,482.25968,727.29818,1055.6493,1550.41815,1740.47034,1630.77164,1412.95636,1296.57587,1158.46535,750.31635,556.41269,460.46651,499.78145,831.11348,1055.04523,1306.17759,1765.98874,1857.97115,1407.97614,1285.74505,953.44799,758.50594,704.78378,565.96104,187.21294,618.76528,825.98345,1261.7909,1681.17058,1668.42774,1445.23244,1523.14334,815.39844,666.58253,618.9325,916.9184,690.88018,527.9136,1305.17207,1325.11792,1595.6987,1670.41618,1697.32964,1471.55216,996.36124,935.12378,528.49794,764.97527,803.7694,739.8935,939.81888,1194.20955,1620.84382,1614.39696,1397.10843,1617.9297,1199.05633,839.59185,498.17559,358.06326,423.89885,886.62562,1060.31552,1233.54896,1928.77824,1783.63658,1565.46231,1645.08775,1258.63613,1028.89545,638.62745,570.43794,1047.59099,1242.9454,1314.17471,1485.05276,1620.54868,1225.06391,1309.77508,1201.47506,1202.74365,1204.92283
"US-CO",4.158,2.441,2.074,2.55,2.876,1.797,1.423,2.931,2.125,5.032,5.034,16.199,16.08,14.603,11.379,12.701,10.517,9.63,7.529,10.096,9.832,9.972,12.066,14.6,16.841,11.089,17.202,13.307,11.191,9.173,8.067,8.559,9.659,12.232,13.569,16.22,13.63744,13.6634,17.31253,12.15477,12.81825,9.0732,7.35921,7.79814,10.69353,27.09096,28.74853,59.79103,105.54882,85.00357,98.49754,47.83078,44.42744,58.01392,63.03224,39.82088,64.13512,54.75639,58.37826,56.78904,73.83979,77.50446,87.93726,89.97201,62.42577,72.70344,58.10305,50.51773,55.64206,98.63873,70.74054,67.51117,80.46764,61.894,83.51669,81.52051,49.51246,55.27736,55.27167,55.88438,126.16131,201.2073,220.96758,219.83522,325.77081,302.77253,306.94446,301.86905,295.89037,246.13942,164.89934,192.82269,166.17575,257.19466,331.86406,328.50014,426.04913,278.479,267.0494,321.35486,231.07837,150.01444,146.7506,204.10359,247.52811,310.62858,277.28976,303.51007,249.03281,233.86717,301.25238,367.72043,335.22684,261.91451,204.26221,209.33374,257.2572,275.49793,340.60725,415.87853,414.65125,387.35858,391.60216,464.96825,512.55461,425.70007,309.81969,348.46715,331.77064,506.89174,550.64777,555.88993,629.01358,544.09426,559.54199,551.37037,426.25817,489.30995,346.97889,432.49614,344.91277,478.20497,494.70573,671.75644,669.26801,713.7736,687.65252,555.24567,569.79546,587.64443,504.72643,380.93461,543.44121,661.79273,623.90958,705.53595,803.11311,550.19415,685.05064,753.47666,598.63963,570.71996,418.38103,369.06715,516.56593,633.16407,810.16328,660.0784,765.41458,628.27218,684.07654,667.95752,630.26085,424.56306,447.35778,557.57913,473.1956,668.37833,657.17687,871.04657,781.65457,1001.0701,940.56797,864.21319,737.67419,555.79084,633.05532,584.27173,731.93661,788.74865,928.66792,873.55291,834.2037,803.33007,874.76121,905.91798,849.14144,627.30065,500.82787,617.06593,576.43146,919.69629,836.60394,969.38692,857.1366,724.49896,1004.87497,986.13819,696.82357,797.58376,738.79881,716.44658,699.40846,721.33602,756.26849,1045.8356,934.00028,866.28031,935.24501,1032.07722,922.7206,795.74643,889.37609,795.4588,996.06807,940.61241
"US-CT",,,,,,,,,,,,,,,,,,,,,,,,,,,,,,,,,,,,,,,,,,,,,,,,,,,,,,,,,,,,,,,,,,,,,,,,,,,,,,,,,,,,,,,,,,,,,,,,,,,,,,,,,,,,,,,,,,,,,,,,,,,,,,,,,,,,,,,,,,,,,,,,,,,,,,,,,,,,,,,,,,,,,,,,,,,,,,,,,,,,,1.28493,1.2605,1.10387,0.99578,0.85235,0.93248,0.81226,0.85418,0.78977,1.08088,1.15247,1.62254,1.17696,1.3207,1.33437,0.9739,0.96428,0.8805,0.57106,0.72731,0.76565,1.14439,1.36984,1.47704,1.3893,1.1476,1.41345,0.9995,0.89878,0.77188,0.65086,0.54328,0.69601,1.27954,1.22742,1.2774,,,,,,,,,,
"US-DC",,,,,,,,,,,,,,,,,,,,,,,,,,,,,,,,,,,,,,,,,,,,,,,,,,,,,,,,,,,,,,,,,,,,,,,,,,,,,,,,,,,,,,,,,,,,,,,,,,,,,,,,,,,,,,,,,,,,,,,,,,,,,,,,,,,,,,,,,,,,,,,,,,,,,,,,,,,,,,,,,,,,,,,,,,,,,,,,,,,,,,,,,,,,,,,,,,,,,,,,,,,,,,,,,,,,,,,,,,,,,,,,,,
"US-DE",,,,,,,,,,,,,,,,,,,,,,,,,,,,,,,,,,,,,,,,,,,,,,,,,,,,,,,,,,,,,,,,,,,,,,,,,,,,,,,,,,,,,,,,,,,,,,,,,,,,,,,,,,,,,,,,,,,0.26863,0.18058,0.36587,0.62581,0.49237,0.62275,0.43279,0.49027,0.48264,0.49665,0.21324,0.26509,0.18673,0.25274,0.27779,0.56423,0.57054,0.5923,0.57168,0.41676,0.38115,0.35994,0.16634,0.25436,0.23221,0.11641,0.18143,0.27794,0.29483,0.38496,0.54913,0.50148,0.54705,0.45575,0.43575,0.24423,0.17675,0.18054,0.16493,0.20053,0.51229,0.48957,0.57677,0.48859,0.58438,0.49861,0.34104,0.21523,0.26434,0.22262,0.24231,0.53019,0.55306,0.53386,0.57726,0.49952,0.66887,0.49907,0.27116,0.3848,0.23634,0.16002,0.25394,0.46408,0.56601,0.54494,0.60279,0.61176,0.5036,0.44427,0.2785,0.33934,0.25369,0.21103,0.25563,0.48571,0.51252,0.82218,0.498,0.466,0.769,0.36,0.464,0.18,0.203,0.266,0.404,0.383,0.525,0.447,0.368,0.496,0.761,0.623,0.314,0.269,0.296,0.211,0.386,0.381,0.613,0.489,0.619,0.421,0.582,0.532,0.434,0.395,0.146,0.248,0.341,0.559
"US-FL",,,,,,,,,,,,,,,,,,,,,,,,,,,,,,,,,,,,,,,,,,,,,,,,,,,,,,,,,,,,,,,,,,,,,,,,,,,,,,,,,,,,,,,,,,,,,,,,,,,,,,,,,,,,,,,,,,,,,,,,,,,,,,,,,,,,,,,,,,,,,,,,,,,,,,,,,,,,,,,,,,,,,,,,,,,,,,,,,,,,,,,,,,,,,,,,,,,,,,,,,,,,,,,,,,,,,,,,,,,,,,,,,,
"US-GA",,,,,,,,,,,,,,,,,,,,,,,,,,,,,,,,,,,,,,,,,,,,,,,,,,,,,,,,,,,,,,,,,,,,,,,,,,,,,,,,,,,,,,,,,,,,,,,,,,,,,,,,,,,,,,,,,,,,,,,,,,,,,,,,,,,,,,,,,,,,,,,,,,,,,,,,,,,,,,,,,,,,,,,,,,,,,,,,,,,,,,,,,,,,,,,,,,,,,,,,,,,,,,,,,,,,,,,,,,,,,,,,,,
"US-HI",0.109,0.111,0.16,0.265,0.142,0.101,0.185,0.235,0.23,0.25,0.147,0.187,0.078,0.185,0.111,0.047,0.075,0.198,0.198,0.174,0.144,0.16,0.142,0.105,0.043,0.126,0.072,0.157,0.131,0.14,0.174,0.247,0.103,0.093,0.153,0.135,0.29254,0.37828,0.56994,0.68091,0.63047,1.01379,1.03901,0.83222,0.61534,0.52959,0.36819,0.54472,0.35303,0.42635,0.5555,0.70855,0.65362,0.77296,0.66651,0.51334,0.58531,0.55193,0.43223,0.41268,0.23323,0.18396,0.20673,0.35372,3.24063,9.45473,15.19606,13.70363,11.35822,7.15717,7.65905,10.92688,8.9347,8.77205,7.75417,21.07112,16.25572,21.8306,31.79604,23.86256,25.0609,31.55557,13.01339,28.27718,30.54204,11.7874,16.64218,18.8656,20.80241,21.9662,25.33013,29.6503,17.42353,18.95377,16.50582,11.55364,13.55851,25.11994,23.56627,19.52883,0.80102,21.94791,33.22396,32.16204,30.40895,12.70416,30.64468,7.76073,8.61372,14.18897,28.32581,28.2107,20.70464,25.89981,28.43658,36.53339,24.37948,23.44991,14.90135,7.47565,11.44975,1.61991,42.83228,11.99783,25.63427,29.84866,35.59505,39.13978,20.6305,31.61074,46.06088,44.39234,15.35986,24.1415,34.63598,34.52808,38.17965,28.78773,51.66758,34.55219,29.1799,15.1464,34.63478,37.42035,27.96614,57.34765,25.79803,24.74195,34.19985,64.87732,53.43918,60.59598,52.18004,33.24142,34.91749,34.00495,27.90778,16.21581,43.78175,74.07406,35.19081,68.26616,73.65626,58.53825,32.68336,53.32457,50.19764,44.78055,18.63818,37.78374,42.43899,73.83345,65.63686,50.11343,51.1643,44.57441,55.11091,40.08141,70.96409,62.43223,15.78324,30.0481,35.20556,68.56324,50.31183,68.79286,61.55811,69.06129,60.17707,72.68804,65.97305,40.96461,42.11265,44.13975,52.90034,52.47954,46.96784,40.97761,33.82774,27.60652,37.97377,52.57696,49.8282,50.66408,57.8108,51.4711,59.8517,59.50351,53.04001,55.61819,34.73095,43.77156,39.54109,45.65349,48.60957,52.33204,48.32296,48.87939,51.88813,57.58941,57.14362,44.65856,47.25604,43.75995,48.11306,52.0039
"US-IA",43.633,33.105,37.51,53.936,48.081,35.405,22.59,24.805,26.291,52.246,51.419,58.842,83.542,102.587,80.001,96.58,87.149,74.748,45.378,47.461,53.39,72.52,80.62,94.858,86.581,91.498,104.63,99.337,78.212,50.023,49.595,33.237,66.546,98.887,100.289,123.136,102.75731,119.43979,120.20005,101.14239,108.86046,56.5232,37.95463,52.04401,86.23831,82.19094,75.64318,106.95726,81.04969,110.96413,155.68987,156.40987,173.81567,122.45875,90.23656,65.50515,147.86308,154.28681,225.72959,163.12484,243.9662,204.1476,251.41966,251.08367,239.31352,132.15569,113.23772,93.49149,140.94182,209.14858,181.16892,257.74613,312.22151,220.94805,279.53169,282.51608,287.56821,170.99161,125.18585,119.55333,222.56748,243.78388,297.28586,194.52246,326.67335,245.37677,288.46294,420.2379,340.38113,253.18498,174.13692,160.43802,253.05116,391.49578,463.96149,766.38657,639.53617,720.20126,796.6579,796.10315,697.11184,439.91428,361.86423,491.34912,327.93552,663.34542,760.11023,726.39048,737.82285,649.45992,850.65472,907.91681,770.87771,554.80617,452.43598,596.44048,745.31868,872.65943,1115.40733,916.53711,807.2515,989.00465,872.09303,1064.61268,1128.85524,850.40522,484.01847,413.96649,572.33225,1101.91,1257.27035,1167.45704,1490.10022,1141.13699,1368.15339,1295.91583,1316.44372,1063.07391,642.9023,710.93039,886.71099,1366.01606,1415.20783,1335.90067,1670.59944,1388.15576,1421.68086,1470.45384,1446.1334,1093.94327,866.40927,673.12026,1164.6011,1335.84981,1754.92646,1282.53295,1853.54056,1323.28215,1734.44956,1761.64289,1261.49116,1027.08756,915.66938,540.68377,975.82961,1481.05747,1991.62376,1440.39667,1815.13664,1583.01271,1651.39224,1605.82981,1609.98341,904.5585,789.2797,1003.60136,1333.74956,1693.87639,2044.48967,1837.7217,1736.81885,1894.18309,1858.90338,2343.0544,1333.83149,1308.61536,983.34607,788.78125,1556.19772,1796.01694,2050.42166,2421.82879,1719.74084,2161.80333,2415.83458,2078.66832,1863.41472,1545.32057,863.93521,808.51251,1426.37925,2218.82273,2069.59936,2200.72106,2457.14951,1694.22426,2130.87461,2099.49524,1506.59553,1696.04104,1010.78044,1216.62834,1668.43472,1716.20255,1943.84694,2193.77978,2279.33522,1880.62708,2493.753,2865.91886,2171.49577,1924.61548,1696.37742,1369.88135,2146.18082,2650.22552
"US-ID",,,,,,,,,,,,,,,,,,,,,,,,,,,,,,,,,,,,,,,,,,,,,,,,,,,,,,,,,,,,,14.35277,10.0632,18.48066,15.55656,15.70301,14.38028,10.18829,12.22933,9.08357,14.92933,21.07064,13.57936,9.97521,16.36124,17.08181,13.47521,15.72392,14.59834,8.97349,17.33516,14.46756,12.87606,17.21474,14.18426,20.18466,18.76265,18.91035,18.12489,17.45291,15.55113,11.34924,11.84617,11.52327,17.56615,21.6114,24.58918,29.79882,22.94096,31.79028,28.56327,22.97154,17.79169,16.24768,17.66235,20.92636,33.02255,33.55668,38.14582,25.76567,19.76982,27.50613,32.97225,33.76019,26.14981,21.80455,23.0461,26.02203,56.86111,69.36408,77.72426,52.40717,101.17383,157.85254,134.03956,112.81756,123.10478,106.49196,81.3465,65.37317,121.54319,142.68561,107.84614,168.65291,110.24123,200.13683,132.25666,133.8425,127.2236,104.18994,115.56524,92.9991,160.28734,179.59791,365.56575,154.06103,215.75584,239.14778,294.43824,206.64068,183.43944,173.75082,185.36769,227.00447,172.12918,242.94592,165.44992,205.97162,325.5288,300.70095,294.13239,204.50302,239.56043,186.09571,131.49693,192.35576,237.8441,265.49093,222.11937,122.04771,207.44184,234.72546,222.82096,151.6113,141.01481,147.57764,167.55888,190.58088,181.69647,224.77597,278.33409,223.72215,251.16065,293.39563,248.09271,193.38336,202.2035,215.87618,150.91866,99.47631,166.61559,234.48699,299.08329,211.4484,206.85477,218.62508,232.01477,223.85205,182.98766,153.86163,160.66431,175.27668,260.5481,253.9073,264.63429,234.22293,217.4517,274.12977,276.61669,205.78454,227.70408,181.71825,188.44808,191.71247,202.4641,222.24484,232.55456,240.1439,204.36592,243.12223,283.04168,219.44903,218.20869,176.40867,152.18864,201.53795,250.40479
"US-IL",,,,,,,,,,,,,,,,,,,,,,,,,1.643,1.45,1.492,1.34,1.367,1.45,1.677,1.778,1.49,1.398,1.393,1.546,0.397,3.41,7.879,9.792,9.218,4.571,3.382,3.867,4.73,8.899,9.089,12.839,6.46,7.13,9.733,10.413,8.871,5.208,3.063,2.271,4.889,6.519,11.643,64.946,19.46085,18.15518,23.33426,29.41196,20.81984,14.13394,12.56023,10.3346,14.57173,27.61733,28.31204,35.85906,27.82046,21.22478,28.41046,51.17769,64.46872,40.00005,26.20435,25.95732,66.2871,105.6627,95.42308,111.7903,240.282,189.3684,200.50574,225.54699,208.23174,159.71277,81.72757,69.48137,92.94045,228.74978,298.03112,342.41778,251.84691,301.69452,263.8662,305.90645,204.04567,147.55003,97.17474,146.87442,100.97873,259.24084,329.36186,410.99181,357.09947,242.22812,402.13084,502.84434,391.69771,218.11399,204.75531,196.32831,373.40279,524.23466,609.11053,431.68795,406.66106,598.32534,566.8316,723.4075,537.85654,423.14188,239.07568,224.27601,401.50401,511.83428,907.87039,672.34771,879.77967,612.57217,868.99361,782.45246,640.69108,564.84057,320.40511,276.82419,443.28488,771.19995,607.92814,957.83682,1184.61457,880.4949,999.11211,1077.2346,765.52052,594.48916,412.60418,323.33085,510.96894,739.14139,1208.67189,929.04589,1312.73162,848.52654,1069.16603,1096.69005,873.36093,620.70698,498.05885,350.93093,457.79768,841.75257,1284.58251,828.5893,1004.19864,935.64102,1000.13297,1072.83662,889.71064,517.56138,399.71756,444.08547,627.95718,1167.2788,1372.4207,1315.72902,1268.41362,1144.23155,1095.56568,1025.91381,854.20527,591.12374,399.59083,331.34664,692.75369,960.32004,1095.38612,1204.58302,1124.81009,1264.06362,1304.37301,1289.4562,1085.63125,940.53653,470.78831,407.89951,519.08622,1165.70117,1245.07456,1450.34568,1530.64697,1197.84531,1284.4989,1095.79389,859.26563,616.33199,565.77688,570.90272,678.62524,1172.46179,1064.90812,1261.92633,1312.56203,1149.1899,1323.04574,1528.98516,1112.6781,1095.00811,796.83208,671.12272,937.19536,1241.6266
"US-IN",,,,,,,,,,,,,,,,,,,,,,,,,,,,,,,,,,,,,,,,,,,,,,,,,,,,,,,,,,,,,,,,,,,,,,,,,,,,,,,,,,,,,,,,,25.62813,26.80128,17.53587,14.11344,16.92702,36.89136,43.08579,57.37267,48.962,109.341,132.617,160.567,93.627,69.191,42.78825,64.387,44.642,145.4023,219.773,271.894,270.957,187.19041,224.91147,316.0684,220.91783,156.50607,118.84242,90.54644,246.19344,342.45852,395.92231,363.5283,314.67098,390.3197,376.53127,428.91692,269.52949,203.20922,81.65179,83.32815,164.02768,246.46082,431.8055,294.95948,416.03755,306.56076,373.53565,386.07861,211.72128,184.26076,112.69929,93.63143,161.63507,327.58875,242.38174,393.97311,450.30216,276.29537,334.49184,396.27914,302.51516,184.39153,137.64812,91.98344,155.40214,297.34045,449.28202,405.16164,415.06533,251.87104,323.15753,387.71419,304.50471,190.01922,166.84224,100.72144,157.76701,325.37642,506.66486,366.33771,410.69456,413.29959,424.17179,425.24923,365.23654,271.84465,175.52259,164.45031,213.95189,516.96806,554.24808,579.50971,655.79204,571.72307,510.23928,451.37806,402.47434,279.46326,164.15045,147.79315,241.14141,460.44086,477.02723,537.85086,441.12384,392.97728,460.31288,473.01957,373.05033,269.52591,146.01023,172.32143,249.45902,589.68963,684.07852,837.82137,767.94151,512.0652,617.17125,464.65025,422.66619,275.65721,223.40838,259.51474,271.79388,518.45229,508.04099,595.79113,604.64255,539.96275,602.08337,697.86064,510.81288,477.89139,337.65059,295.89863,398.52626,565.79284
"US-KS",,,,,,,,,,,,39.832,45.549,47.234,47.019,46.938,45.564,42.891,30.229,33.421,34.399,30.399,32.272,30.764,29.118,22.911,39.743,39.793,30.527,23.451,30.852,27.405,30.425,25.705,28.991,37.018,23.12342,31.27962,37.33411,33.59839,43.15246,25.68131,23.11602,22.55804,34.45284,28.4551,25.6691,30.21205,17.564,19.35,32.963,35.993,29.875,35.431,31.501,17.478,35.601,28.446,36.127,105.494,88.246,67.457,93.808,97.37,65.885,68.982,62.719,53.546,78.541,104.837,102.331,108.168,97.158,92.984,112.713,105.287,97.645,62.745,62.984,91.338,101.332,134.602,103.441,90.309,136.73233,120.93805,149.82336,182.69123,166.96566,124.22676,133.03911,93.15447,124.3458,165.73875,163.62925,198.12713,219.75445,217.92165,275.16016,270.03967,237.49055,193.10442,169.18425,224.27037,159.42538,305.2926,277.85546,313.7676,235.216,190.00767,367.02621,361.95673,283.53976,282.60772,245.59813,258.07626,287.60722,294.31895,345.42196,253.68793,279.04402,320.02464,327.85403,356.74782,356.19768,358.41869,233.76671,205.15459,217.761,355.36118,385.69722,323.95143,416.48075,326.87107,388.24354,358.24321,424.73295,466.43985,354.92474,326.91442,321.13528,460.88918,664.56746,685.86391,727.22017,687.27946,788.99785,886.18211,869.39678,817.00258,634.06021,597.17178,863.82194,993.14728,844.6552,724.26065,1039.33922,764.86191,1118.54816,1140.3409,795.26803,919.26436,768.67179,733.19758,845.12584,815.26765,1075.06004,829.91554,921.93011,824.0881,827.72823,997.02113,916.9097,812.37056,737.26136,696.60633,989.03748,878.74364,1151.98717,1244.8172,1060.76204,1302.95312,1423.00657,1299.61367,1103.17907,983.70412,1075.59372,884.2182,1137.70059,1395.92101,1222.20963,1222.01928,1285.30003,1302.14343,1860.5034,1949.82218,1654.66389,1537.06713,1238.8506,953.12531,1590.31575,1860.07737,1611.91468,1754.28924,1760.91003,1548.88505,1942.96664,1821.88736,1450.364,1872.02128,914.38511,1372.41615,1559.77307,1401.82095,1467.03907,1795.0333,1683.06316,1525.54626,1861.10682,1993.2857,1696.27421,1522.25236,1669.29223,1434.02096,2101.57771,2085.73979
"US-KY",,,,,,,,,,,,,,,,,,,,,,,,,,,,,,,,,,,,,,,,,,,,,,,,,,,,,,,,,,,,,,,,,,,,,,,,,,,,,,,,,,,,,,,,,,,,,,,,,,,,,,,,,,,,,,,,,,,,,,,,,,,,,,,,,,,,,,,,,,,,,,,,,,,,,,,,,,,,,,,,,,,,,,,,,,,,,,,,,,,,,,,,,,,,,,,,,,,,,,,,,,,,,,,,,,,,,,,,,,,,,,,,,,
"US-LA",,,,,,,,,,,,,,,,,,,,,,,,,,,,,,,,,,,,,,,,,,,,,,,,,,,,,,,,,,,,,,,,,,,,,,,,,,,,,,,,,,,,,,,,,,,,,,,,,,,,,,,,,,,,,,,,,,,,,,,,,,,,,,,,,,,,,,,,,,,,,,,,,,,,,,,,,,,,,,,,,,,,,,,,,,,,,,,,,,,,,,,,,,,,,,,,,,,,,,,,,,,,,,,,,,,,,,,,,,,,,,,,,,
"US-MA",,,,,,,,,,,,,,,,,,,,,,,,,,,,,,,,,,,,,,,,,,,,,,,,,,,,,,,,,,,,,,,,,,,,,,,,,,,,,,,,,,,,,0.4644,0.31889,0.34589,0.29378,0.25797,0.20059,0.18851,0.20316,0.26574,0.38851,0.38372,0.36085,0.35452,0.65099,0.56086,0.60841,0.48038,0.41262,0.29943,0.38055,0.43259,0.48906,0.58911,0.69739,1.26409,1.32138,1.80986,1.54121,1.68363,,1.53085,,1.55336,3.18694,2.77707,3.1229,1.86312,2.24387,2.94534,2.87009,4.8829,4.35215,4.51084,4.50308,4.6522,9.36909,10.53457,8.65754,8.58864,8.47217,7.8118,8.26744,4.66056,5.4809,5.00887,4.43818,6.10107,8.03017,6.39666,16.41695,22.716,17.26408,19.30025,17.64272,13.44754,14.31558,10.37819,11.16567,12.47276,17.49972,23.80386,24.8912,28.85489,22.54687,24.18886,22.00426,17.65984,11.46927,12.38327,11.01308,13.22231,22.50432,22.45421,16.66987,24.59052,15.59579,20.77299,20.98455,15.39612,15.53161,10.51367,10.22842,12.65301,25.20856,23.3402,19.8507,18.29415,23.13788,21.24902,16.24318,16.3267,14.74733,13.20234,14.43853,15.95397,19.66017,19.25768,23.6122,24.98805,20.0774,25.75745,18.73715,15.78988,17.21226,12.939,11.69588,18.74414,23.86983,22.53015,20.28128,25.69861,17.97046,27.46181,23.74157,14.54249,13.98878,11.66018,11.49759,11.94552,21.677,23.82972,16.9678,20.3524,17.4819,20.01532,24.66589,18.16615,19.23273,,,16.13982,19.82275
"US-MD",,,,,,,,,,,,,,,,,,,,,,,,,,,,,,,,,,,,,,,,,,,,,,,,,,,,,,,,,,,,,,,,,,,,,,,,,,,,,,,,,,,,,,,,,,,,,,,,,,,,,,,,,,,,,,,,,,,,,,,,1.494,19.034,23.466,22.853,24.699,10.029,11.704,7.332,18.50623,18.77017,39.02444,38.74134,36.55382,51.56305,37.45377,32.35152,29.25395,13.93292,21.82839,17.47236,10.8472,15.15618,24.4241,30.50316,36.90039,35.774,38.514,36.007,34.212,32.537,15.692,13.019,11.577,11.769,18.887,38.753,34.929,35.406,25.21,36.934,31.39,19.153,13.028,16.523,13.614,17.418,31.795,36.521,46.62034,46.458,39.834,55.238,38.918,21.252,32.683,18.562,12.407,19.238,41.741,53.091,55.173,56.959,60.689,51.543,43.7,27.707,33.54,24.984,20.724,26.966,49.757,54.436,76.109,41.93877,42.7291,65.50484,64.0859,61.04386,43.46896,32.48859,23.59188,35.29663,42.14409,45.1219,63.93449,54.74227,48.73907,56.67483,56.34513,50.2247,52.66603,32.88747,41.44821,37.44229,43.23025,46.02943,49.55431,53.19496,44.7622,54.64297,59.31164,47.11281,43.60062,35.93486,31.79726,44.76137,56.5364
"US-ME",,,,,,,,,,,,,,,,,,,,,,,,,,,,,,,,,,,,,,,,,,,,,,,,,,,,,,,,,,,,,,,,,,,,,,,,,,,,12.198,10.25,8.354,6.301,7.62,13.618,13.888,10.01,16.832,16.832,11.513,12.295,10.669,8.971,7.012,6.753,7.188,9.732,13.961,13.771,12.924,15.77588,30.77865,26.61156,28.92043,22.94224,20.12293,14.30405,18.45545,20.93728,31.19397,38.14045,30.44009,38.18484,39.68315,43.74109,33.13527,39.74708,25.5433,31.43867,20.80154,30.25439,69.88653,58.62911,68.15302,62.67805,75.67933,71.04513,63.51044,39.87595,35.7612,39.55483,39.43008,41.0084,81.01008,84.5456,72.54044,106.42096,96.712,84.22048,82.25908,48.08239,55.10494,50.38729,44.22524,61.36999,96.2386,57.52264,104.37423,106.20936,88.7955,100.38039,97.54858,72.58847,66.17857,56.48458,69.71475,74.74419,87.46568,130.20017,97.35995,120.63381,100.55327,120.26813,102.99083,65.63989,67.01035,67.07424,46.40959,82.2002,106.1506,125.68061,92.71749,135.58571,113.86519,131.70863,113.14779,99.46997,75.44536,62.32737,54.60613,77.07421,129.14251,167.3557,135.97944,163.61003,157.19888,137.51727,128.18746,107.25319,116.71636,104.67926,113.04573,106.17086,143.99568,162.7155,226.01279,217.08993,256.38293,243.58926,181.95073,174.51821,151.67422,95.51869,136.89411,140.45345,208.42051,261.43961,264.92136,272.07427,223.39524,279.27555,192.0634,173.12172,149.03628,123.87563,101.39101,133.50156,247.58476,239.70238,249.2732,220.34676,212.81376,229.463,259.81874,183.95304,189.67121,151.59633,128.97918,171.82155,209.89497
"US-MI",,,,,,,,,,,,0.28,0.032,0.035,0.024,0.033,0.029,0.026,0.014,0.019,0.023,0.025,0.031,0.039,0.243,0.206,0.228,0.198,0.178,0.213,0.257,0.243,0.226,0.221,0.21,0.238,0.33,0.171,0.167,0.129,0.126,0.117,0.067,0.099,0.116,0.146,0.172,0.235,0.221,0.173,0.186,0.215,0.137,0.13,0.106,0.129,0.045,0.068,0.175,0.263,0.268,0.2,0.206,0.228,0.171,0.087,0.138,0.143,0.156,0.275,0.132,0.208,0.295,0.354,0.287,0.253,0.154,0.107,0.077,0.147,0.213,0.276,0.326,0.234,9.51438,6.28667,10.20059,12.15654,12.70245,7.58386,7.79734,5.34123,5.93493,11.7255,16.30834,35.62989,29.80261,30.83338,28.41213,36.02954,29.456,12.1274,13.3476,18.83797,9.00688,27.47608,22.05119,42.79128,38.30559,24.20216,33.0244,37.05293,26.7778,15.97824,15.47766,19.44302,32.03515,33.0399,38.88007,46.12308,33.73416,51.54038,30.70677,48.92119,35.21406,24.26275,11.79752,18.13615,26.71744,40.17563,73.33008,61.93788,107.05238,88.37012,99.49792,87.67116,65.92744,68.42648,38.35276,52.44642,64.37928,120.70161,109.8643,228.99814,308.95105,258.8641,256.07207,293.64083,217.62428,141.50496,128.04399,137.1322,175.73263,229.79316,373.62578,278.63897,419.70967,354.2635,380.0434,385.6915,291.44096,221.43532,209.97067,156.42735,231.00283,354.91414,456.78365,406.43467,501.01868,405.38592,473.20012,434.84405,409.80533,257.58216,227.70908,246.97157,279.51456,528.66727,536.45099,495.74829,524.41025,487.15106,403.381,330.4022,314.64576,302.12392,272.58785,202.47795,327.42558,392.18047,497.79254,641.20444,400.51985,453.86648,537.49043,524.59013,443.90619,370.35325,195.16626,189.77014,229.92126,537.77483,610.91584,696.99834,762.95666,534.83327,589.42472,467.97813,411.21918,296.98582,243.16958,263.47795,295.14261,536.37425,509.53279,546.15706,530.26805,436.19818,559.56821,630.37716,474.25897,439.57553,364.41784,322.58351,421.64512,546.65529
"US-MN",86.227,73.164,67.452,91.287,73.454,64.22,56.036,49.354,55.098,91.171,97.097,92.458,98.432,103.427,57.827,95.282,83.221,77.281,33.985,57.701,73.995,61.119,75.772,87.796,78.804,92.132,103.32,85.886,77.58,53.649,64.271,46.58,83.995,82.46,109.578,99.504,61.09417,64.44653,80.59691,67.6722,82.17332,52.92672,37.56172,49.76108,66.92707,73.84576,83.62729,91.73813,109.67156,112.01723,133.49492,146.14065,163.67572,122.61459,107.98256,78.4444,137.77638,126.15377,199.46707,145.03816,198.92443,175.06528,193.92063,199.15631,202.09715,115.99661,124.12121,97.94114,132.90636,193.01982,183.2254,238.57266,283.78932,199.41546,275.92251,246.75146,267.75363,167.30972,128.45592,100.31688,229.51831,236.33641,266.80685,236.43553,385.03192,313.46519,325.78407,427.27021,397.06631,250.86088,223.32515,245.86542,349.4716,396.54464,452.86672,587.06785,503.9995,509.01638,555.6485,559.85736,493.12159,299.2271,268.7761,316.7083,257.99533,418.48237,410.98963,459.20018,440.14988,274.18635,448.91097,482.3726,440.18986,293.54042,267.90081,328.70866,343.95634,432.07883,505.32153,534.40667,465.18566,690.59753,543.44708,641.99863,712.07602,478.52779,290.25704,271.97269,359.09568,732.3972,806.76996,733.37016,869.47912,633.88305,747.89935,818.9335,798.22024,622.50496,406.83443,433.34464,533.26717,854.37475,795.85715,661.61863,903.27069,690.61064,737.41076,800.11459,783.74269,555.30921,507.87934,372.2699,605.85376,693.86634,929.99042,678.43242,1099.07208,910.30644,960.51884,1004.40029,763.18954,619.70445,621.4716,295.45179,641.11193,857.32922,1074.93541,843.52752,949.83772,866.59554,947.55359,982.21523,902.71543,503.57027,446.00626,592.62343,671.37284,905.58877,1103.26439,907.50187,844.59143,911.53902,870.03727,1100.21888,670.20783,647.10812,510.08267,423.02133,802.00545,919.9608,957.7885,1276.92572,927.85527,1095.26933,1106.87242,994.07375,912.94222,719.08613,488.31495,413.39288,771.56352,1141.56537,1208.12304,1358.21313,1155.02156,987.33127,1067.19807,957.22629,755.26641,884.13478,596.23262,609.71348,885.00511,945.33571,936.3118,934.8729,981.77129,835.61311,1028.36281,1077.56309,934.68889,842.38946,699.21325,612.94224,892.02939,1121.37559
"US-MO",,,,,,,,,,,,,,,,,,,,,,,,,,,,,,,,,,,,,,,,,,,,,,,,,,,,,,,,,,,,,,,,,,,,,,,,,,,,,,,,,,,,,11.125,6.7372,13.49929,18.98344,17.0686,15.98671,16.61531,12.13525,18.7625,30.44964,11.68714,30.26293,25.59102,26.08239,34.47442,59.25294,40.8551,23.41349,22.86197,36.97001,29.03061,69.75725,73.6872,57.40062,45.35878,40.10994,76.35841,74.58357,91.58829,66.61614,57.10969,66.66571,87.4813,103.72767,136.45402,79.43649,93.37802,106.12962,107.81438,142.6598,111.76412,99.22921,57.98221,47.78125,68.51189,106.22371,139.0388,97.69898,134.58483,112.20541,135.40083,110.70005,115.99684,103.02998,65.53317,62.24884,64.0235,115.05155,116.11611,109.88691,120.07151,120.25282,118.39904,110.61093,102.2318,92.04784,58.43105,51.41494,79.1987,100.93183,121.85254,91.419,141.16373,82.70531,127.06355,126.45998,87.85649,79.25122,62.17165,48.40848,59.86373,100.82717,137.19861,78.13508,110.68132,86.60903,92.3644,97.02798,79.23776,61.07627,40.83192,46.86006,85.67902,85.63494,129.79402,117.27928,98.31479,117.56207,118.86383,132.28758,68.99949,65.26052,59.73123,52.13716,83.22531,99.79576,107.97657,117.7287,103.0638,149.17609,163.02104,164.2923,142.86961,126.68719,85.74087,67.72294,114.23338,180.06849,358.08247,377.35983,295.52582,233.64269,305.33485,279.73537,189.57712,244.40859,127.81672,194.58348,223.42668,229.59046,243.44319,267.59204,249.44136,221.44834,276.29703,307.33505,229.56297,223.31049,196.0252,152.64001,243.88035,263.54826
"US-MS",,,,,,,,,,,,,,,,,,,,,,,,,,,,,,,,,,,,,,,,,,,,,,,,,,,,,,,,,,,,,,,,,,,,,,,,,,,,,,,,,,,,,,,,,,,,,,,,,,,,,,,,,,,,,,,,,,,,,,,,,,,,,,,,,,,,,,,,,,,,,,,,,,,,,,,,,,,,,,,,,,,,,,,,,,,,,,,,,,,,,,,,,,,,,,,,,,,,,,,,,,,,,,,,,,,,,,,,,,,,,,,,,,
"US-MT",,,,,,,,,,,,,,,,,,,,,,,,,,,,,,,,,,,,,,,,,,,,,,,,,,,,,,,,,,,,,46.653,48.23561,32.49908,38.44822,34.08081,28.77401,25.28163,23.92746,34.49368,21.42734,46.07772,56.07143,72.31296,43.58973,53.41416,35.77462,34.67002,24.44167,19.00531,27.76904,34.82678,47.22542,36.6524,66.0939,69.13245,66.65751,55.52973,45.79112,45.25402,36.74575,28.57464,35.63253,27.43066,51.84462,62.13807,68.40689,107.40824,58.425,81.24808,77.0279,63.60332,40.2322,36.14109,20.33589,49.11992,74.60047,130.45262,82.32899,81.40373,54.74354,92.0326,103.65486,84.64721,68.82846,62.22494,60.04219,60.23408,81.49444,101.00436,79.92291,149.93352,108.45474,84.27996,112.15323,102.45089,83.77288,76.16857,59.09495,73.26541,113.00561,138.33415,164.25371,163.44541,86.50972,130.47317,93.7176,98.16665,109.85435,57.21286,57.5166,53.7619,120.52273,126.68944,163.88061,206.44314,189.0479,139.63069,163.81832,132.40369,109.50621,87.96538,57.26057,85.30332,127.0123,196.9112,259.34182,259.21082,172.29632,173.67167,187.9694,97.68818,126.4088,99.95025,101.42419,107.89105,201.87685,237.46741,207.93914,257.84165,167.31971,238.09901,146.70364,101.1005,81.62452,132.2673,116.83907,141.35886,165.56716,208.71758,207.28685,197.03646,263.14726,223.3746,162.45924,140.30998,149.8638,124.8887,112.75698,168.49413,150.0616,204.54806,243.25044,179.05386,175.16398,185.13104,196.4694,189.55723,154.95339,130.28956,136.05005,148.42375,220.63133,215.00792,224.0915,176.42058,167.33821,212.37407,214.54725,159.38332,177.44447,140.20018,146.52521,148.109,175.4603,209.78248,208.14994,227.43943,172.11388,204.56429,235.10982,182.31999,179.91577,140.93988,130.03873,181.28382,235.02713
"US-NC",,,,,,,,,,,,,,,,,,,,,,,,,,,,,,,,,,,,,,,,,,,,,,,,,,,,,,,,,,,,,,,,,,,,,,,,,,,,,,,,,,,,,,,,,,,,,,,,,,,,,,,,,,,,,,,,,,,,,,,,,,,,,,,,,,,,,,,,,,,,,,,,,,,,,,,,,,,,,,,,,,,,,,,,,,,,,,,,,,,,,,,,,,,,,,,,6.233,25.048,43.127,53.448,56.658,49.061,34.659,28.26,25.423,40.319,38.38,28.386,47.974,58.219,56.482,66.519,64.201,44.345,21.604,30.293,23.617,28.285,42.433,56.746,50.028,53.806,46.741,57.831,57.214,39.896,38.303,26.702,23.489,29.392,42.366
"US-ND",,,,,,,,,,,,,,,,,,,,,,,,,1.022,0.469,0.499,0.675,0.612,0.395,0.105,0.51,0.622,13.136,19.462,21.371,16.95,20.097,22.097,17.537,19.602,13.094,11.979,14.009,17.387,21.503,20.469,19.799,15.465,15.452,18.908,24.131,21.222,15.638,14.538,12.643,16.123,21.563,22.005,22.657,28.132,31.913,31.6,32.038,35.807,26.692,23.821,23.045,26.224,34.293,30.9,45.02,63.03094,39.31555,55.82622,43.62061,56.81921,45.36337,40.01561,38.81007,53.97455,50.34417,60.641,73.01059,58.17615,49.37588,64.44693,97.47578,143.58753,118.85887,108.5393,159.34775,173.06996,226.60112,200.59568,293.38291,296.35785,245.42169,283.2829,267.72975,264.89418,161.40926,178.81176,178.03282,258.89975,255.12088,338.12614,269.44301,323.33426,203.27239,302.95282,358.66023,426.97713,279.77591,256.74942,340.54075,421.03475,400.25577,399.66007,382.42731,435.96388,523.0788,435.32645,444.1193,524.92797,380.92837,271.91159,296.95092,359.72444,474.64868,540.81305,547.19655,579.22389,390.02437,540.51267,561.23309,481.07511,398.93141,270.6124,310.33738,398.55425,558.4993,409.76642,375.73873,597.07373,394.49184,425.21437,518.03222,535.9465,392.6113,311.59346,273.218,426.35846,496.70877,589.09139,558.61797,742.82865,618.75102,554.27313,574.77004,499.1434,420.62108,374.32214,282.28779,461.57595,634.95947,663.67344,375.20587,664.57402,474.62608,701.52004,658.15453,572.81678,339.72532,404.06228,385.33385,499.74155,701.59921,583.38285,520.16768,560.59789,549.27412,722.95253,811.23672,635.03474,640.39976,505.88278,521.53237,675.74678,730.78041,799.53388,1018.95002,782.23488,634.04581,864.66484,885.37806,1015.43281,971.94496,825.99718,651.40007,946.87154,1323.85275,1105.98023,1351.42986,1124.56803,1034.17514,919.11731,1050.09362,764.13282,763.41002,638.34216,638.30805,902.06865,1031.82401,847.00005,1019.87297,1019.44333,841.14069,1081.77397,1072.45838,902.03538,781.55333,656.68873,658.45289,909.44202,1171.68651
"US-NE",0.228,0.171,0.171,0.323,0.294,0.203,0.118,0.105,0.144,0.304,0.281,0.288,0.793,0.779,0.415,0.763,0.63,0.737,0.692,0.659,0.623,0.628,0.66,0.7,3.62,3.138,2.936,2.587,2.723,2.789,3.75,3.609,3.116,3.057,3.313,3.584,3.20258,3.20258,3.20258,3.20258,3.20258,3.20258,3.20258,3.20258,3.20258,3.20258,3.20258,3.20258,1.4253,1.87748,2.79068,2.8242,3.0004,2.54592,1.74065,1.56633,3.30398,22.67597,26.80914,26.04796,28.38489,21.44973,23.49297,25.14034,21.56708,15.68375,19.30458,17.87533,18.12504,22.42972,23.27837,24.51521,30.83811,15.01795,21.55601,18.1808,16.72384,16.89962,15.41434,12.09104,14.06591,17.7525,19.81794,18.40695,21.70415,17.98521,17.87233,22.71528,18.11709,12.39015,14.37557,14.27933,13.12206,13.86585,20.17024,27.58674,24.2792,16.58089,39.23757,43.37872,38.50352,19.41706,21.00261,30.9879,35.98708,39.0614,41.00256,33.1955,36.34899,28.456,41.04438,41.76319,39.12217,24.44612,27.52015,29.7937,30.10315,36.19641,37.99183,48.85892,59.76511,95.94797,89.58531,100.8761,102.45808,84.74862,63.21442,52.47948,58.84721,96.46929,124.31064,122.18278,132.01583,104.5338,115.05214,104.42191,104.31489,102.20022,81.95008,84.00912,79.65569,113.43,119.96693,142.07885,151.52213,143.48891,159.40416,157.33378,155.66673,117.43151,100.68306,107.09278,149.7459,169.46068,210.45078,179.47946,224.83464,168.55945,210.62733,223.01056,225.0327,200.05482,184.45385,125.94133,225.57613,280.62284,374.78811,293.43746,328.50168,283.33793,283.55657,282.48906,260.93881,186.83103,169.29105,215.28559,271.45529,269.47712,316.3531,312.94578,309.66898,308.27838,343.78095,386.94597,262.86265,260.08056,214.77733,208.9926,293.82562,335.6068,335.83483,537.73234,436.61163,462.15727,425.42732,409.73238,411.55528,352.6832,301.66864,267.29141,416.26615,514.92714,464.33173,621.43185,561.82401,461.35703,523.16073,486.8346,390.55629,468.16181,305.36363,355.16467,465.94355,463.78432,460.90135,606.05402,589.99165,538.24786,706.86115,712.17519,600.29182,491.3815,459.65662,409.53341,624.30274,801.23446
"US-NH",,,,,,,,,,,,,,,,,,,,,,,,,,,,,,,,,,,,,,,,,,,,,,,,,,,,,,,,,,,,,,,,,,,,,,,,,,,,,,,,,,,,,,,,,,,,,,,,10.319,3.85609,7.0809,6.10051,6.61772,5.2252,4.48806,3.25696,4.13923,4.70529,5.31958,6.40783,5.27962,5.83482,6.09925,6.64937,5.06962,5.98302,3.89521,4.74917,3.18184,4.60268,10.52316,8.79366,10.30622,5.7128,6.88027,6.49915,5.80317,3.62727,3.27488,3.61707,3.60382,3.72885,7.69924,8.57985,7.06564,6.49375,16.82169,19.7094,25.0179,11.45678,16.29203,16.13013,13.96664,18.06994,14.4675,18.64943,31.62382,37.92462,36.3355,35.22372,40.93969,30.74861,30.1093,21.05313,26.18338,31.17481,32.83821,39.08998,27.56306,45.13038,41.21907,44.5648,40.70242,32.2128,24.25774,23.20773,21.07071,27.96859,35.64564,42.07937,33.52174,50.51941,41.87985,46.47133,41.85125,35.38289,26.36557,22.58442,17.2696,21.37726,40.21032,42.62344,36.96066,47.78646,48.76308,43.96981,35.42918,26.92576,31.97443,27.49557,28.36311,23.8496,34.57832,34.57062,48.61807,38.12582,42.78225,43.2249,31.54811,31.23632,28.52254,18.49868,23.56014,24.80192,37.07092,44.37391,47.8465,45.95124,37.95687,46.7501,33.05868,29.72713,25.52992,21.52734,17.96894,23.02048,42.32105,40.59697,42.25027,34.55529,30.2925,33.60845,46.63548,34.19108,39.66133,30.86622,25.23945,28.79401,34.16739
"US-NJ",,,,,,,,,,,,,,,,,,,,,,,,,,,,,,,,,,,,,,,,,,,,,,,,,,,,,,,,,,,,,,,1.83325,1.84243,1.73401,1.16342,1.18657,1.02693,1.25389,1.77978,2.00987,2.16085,2.27599,2.39162,2.60699,2.16375,1.15512,1.18331,0.99837,1.12588,1.23945,1.58629,1.73532,1.9499,1.86992,1.45053,1.52914,1.42823,1.84325,2.41641,1.38097,1.01836,1.12157,1.62337,1.77162,3.43165,1.44399,1.82673,1.54818,2.49062,1.95904,0.88559,1.33959,1.12278,1.32898,1.83298,2.1457,2.99383,1.26336,1.10992,1.17562,1.10558,0.92282,0.82281,0.68369,0.67281,1.06261,1.25315,1.24185,1.33878,0.77797,1.22573,1.19653,1.23555,0.69022,0.61327,0.50138,0.56734,0.54744,0.88558,1.2055,1.07648,1.42684,1.14287,1.2017,1.09023,0.62757,0.80443,0.52006,0.52241,0.69685,1.07835,1.00772,1.44898,1.22897,0.98605,1.11327,1.20982,0.90396,0.6458,0.422,0.48972,0.57328,0.85184,1.34437,1.10792,2.60068,2.12179,2.4266,2.55123,1.56766,1.06604,1.25732,1.06457,1.27345,2.16324,2.61108,2.15135,2.5734,1.93152,2.50905,2.18189,1.5419,1.32214,0.93509,0.92184,1.01865,2.07979,2.28365,2.24009,2.50718,2.31459,2.08518,1.49122,1.18354,1.38624,1.05314,1.0248,1.05877,1.86452,2.08067,2.79117,2.14902,2.34762,2.31832,2.17195,1.80475,1.85069,1.1231,1.18594,0.78602,2.42152,2.35412,1.93396,2.61468,2.46289,1.80813,2.10318,1.84875,1.4022,1.32849,1.29296,1.4143,2.07579,2.13977,2.10486,,,,,,,,,,
"US-NM",,,,,,,,,,,,,,,,,,,,,,,,,,,,,,,,,42.844,38.078,50.582,51.231,49.031,45.891,49.023,56,54.041,39.071,28.243,30.756,39.781,23.397,45.95,52.281,62.26639,45.32158,81.34276,80.10503,69.9417,72.04551,66.10185,46.6288,60.16449,52.94204,69.87688,87.89297,132.626,107.996,144.867,139.947,93.485,101.979,79.739,61.185,83.796,106.865,114.35,88.601,94.67,103.569,120.525,136.258,112.527,94.546,70.382,109.168,119.666,150.851,119.973,161.104,175.638,151.341,162.225,163.416,151.271,142.918,97.392,75.558,95.276,128.329,135.349,164.074,142.52426,148.85668,163.10727,144.79861,108.69173,90.05359,93.85797,123.15677,95.42532,163.20843,132.61211,140.42525,155.79061,93.54653,168.42698,198.92634,193.74595,138.66839,102.02472,120.36213,135.96562,144.12619,181.59707,199.00149,183.12851,186.04389,209.65626,248.36593,234.79364,203.0409,117.92524,91.66371,112.93735,159.13137,205.66897,152.14122,229.66287,213.32502,220.06769,193.03411,193.74021,188.03331,124.03582,119.37685,130.85584,197.7823,182.11525,233.75874,189.75932,214.01604,231.90274,224.3908,209.95117,185.45263,124.28885,111.16878,139.03954,197.22875,166.41408,199.8083,248.08319,198.10571,253.90593,258.39549,189.88485,210.73676,125.24071,103.00663,133.53606,149.34826,223.85124,180.65518,123.87074,144.79464,143.12818,224.0201,183.59046,127.29971,115.66058,124.6654,143.3327,159.91481,224.3936,375.3501,308.05002,326.6837,377.92159,310.35004,338.04906,194.70576,289.07245,193.453,261.82659,324.04183,305.08457,376.18241,293.40482,299.85078,319.32615,382.74473,388.55806,359.39015,337.88143,265.73701,384.64917,530.25599,541.36767,491.40513,531.88669,552.61994,607.79757,667.90552,511.9839,521.13042,334.04315,372.78697,405.91467,471.27992,561.32998,552.87229,538.35603,574.61074,539.10307,587.87938,593.12812,506.01937,507.04021,481.8877,578.0269,630.89236
"US-NV",,,,,,,,,,,,,,,,,,,,,,,,,,,,,,,,,,,,,,,,,,,,,,,,,,,,,,,,,,,,,,,,,,,,,,,,,,,,,,,,,,,,,,,,,,,,,,,,,,,,,,,,,,,,,,,,,,,,,,,,,,,,,,,,,,,,,,,,,,,13.983,16.024,11.699,19.768,26.394,40.92,13.366,18.591,22.603,24.871,28.622,24.246,20.482,21.773,20.41,17.278,24.372,13.935,14.924,25.071,32.023,26.42,31.132,23.51,24.606,18.893,21.415,21.711,24.508,35.921,25.064,26.592,20.704,33.806,24.816,18.419,27.053,23.119,29.993,17.905,29.659,32.594,20.992,15.454,32.895,31.329,25.496,30.889,30.96,25.59,29.815,41.976,23.214,35.255,30.02735,29.37502,31.04649,32.94793,31.78876,25.9857,21.84957,22.8156,24.89068,36.99989,36.05685,37.58016,27.55466,25.58165,32.24942,32.54199,24.20909,26.78777,21.37786,22.16958,22.55361,23.81846,26.14553,27.35839,22.96435,27.79396,29.65213,31.8991,35.47198,24.87241,26.77576,24.88528,25.07548,26.01399
"US-NY",1.516,1.469,1.657,1.722,1.641,1.918,1.913,2.047,1.629,1.659,1.587,1.781,4.735,4.814,4.937,5.159,4.929,5.818,5.875,6.214,5.193,4.982,4.791,24.177,3.431,3.274,3.81,3.025,2.758,2.656,3.124,2.884,3.056,3.691,4.315,5.179,12.60919,10.89368,12.55084,11.04576,9.54448,6.5479,5.67197,5.49474,6.33743,9.35585,11.65179,14.7461,9.27885,8.96769,10.88528,8.33006,5.51831,5.17814,5.06049,5.13441,7.57064,8.41039,15.38504,13.27071,59.1011,60.82861,54.04125,54.91366,42.06295,33.01048,45.76564,37.74616,46.75565,67.5539,53.28359,100.30802,84.35054,93.0707,106.93395,87.20559,45.34683,50.48233,43.52478,51.05563,55.4687,64.98589,73.27308,77.77798,109.1798,84.62437,87.62565,83.43663,110.00617,156.91745,88.08648,62.12265,68.00341,93.81449,99.06438,207.81883,162.50663,207.64734,176.27124,298.45636,222.03008,95.58666,153.14859,128.12247,134.05393,184.1978,202.4588,301.85871,230.22497,206.30424,237.98972,236.079,195.61799,172.67988,157.41994,157.1688,234.73438,255.27241,257.41098,255.25168,178.43353,325.60029,311.72237,325.08545,187.05284,172.58491,145.64876,155.50114,150.73859,241.54088,330.37311,303.78713,393.79016,307.7642,321.22035,274.10633,167.60313,205.9366,122.81271,148.88237,184.38078,270.90525,242.12232,352.05296,421.96834,290.28815,312.03526,404.36135,279.56665,206.82013,145.18032,180.46343,204.75386,299.42377,444.88192,349.75483,456.26981,368.43438,399.04548,443.10139,287.7376,189.28878,235.55805,184.80324,239.36467,361.78679,471.66853,331.34844,487.77178,342.63568,439.94719,394.97719,317.94131,220.12366,183.99599,194.54795,189.19262,390.36475,414.54023,400.94166,480.10988,436.8045,387.90944,256.7852,236.41124,277.63962,218.89513,214.05633,195.4348,326.6272,371.48324,538.02343,404.4407,421.50246,415.12329,412.15083,329.30945,352.4068,213.24831,230.33473,137.38924,454.2731,429.38092,336.39119,451.07915,427.26307,305.37329,360.11131,322.71133,243.63694,232.80273,241.17402,260.02471,380.62316,389.07599,384.45438,402.03181,356.69409,394.05408,496.51904,350.51452,411.81177,313.83219,272.88928,297.89269,370.88469
"US-OH",,,,,,,,,,,,,,,,,,,,,,,,,,,,,,,,,,,,,,,,,,,,,,,,,0.51984,0.68476,1.01783,1.03006,1.09432,0.92856,0.63486,0.57128,1.20505,1.59749,2.19607,1.78787,1.59048,1.29293,1.32041,1.32702,1.24893,0.83796,0.85463,0.73965,0.90312,1.28189,1.44762,1.55636,0.84004,0.68671,0.8697,1.35771,1.62776,0.89267,0.58135,0.57657,1.43111,2.21409,2.03315,1.63715,1.12257,0.87328,0.94772,1.07755,1.22416,1.05806,0.74448,0.58483,0.7852,1.74832,2.12191,2.79593,1.06009,1.4002,1.39549,1.57567,1.12747,0.73525,0.52925,0.76503,0.48104,1.30518,1.70358,2.03576,1.11828,0.73812,1.056,1.41171,1.03174,0.63952,0.56664,0.52409,1.05649,1.41137,1.66346,1.3586,1.07056,1.48912,1.36644,1.68513,1.22958,0.93309,12.17833,12.77741,25.68782,27.93389,49.84833,62.2433,112.61841,93.70202,116.95239,110.72309,50.32022,68.32958,42.28988,35.63412,51.50401,119.29122,71.81056,112.30952,140.30541,107.30375,113.52165,111.00999,102.04692,58.99192,48.96005,35.66886,54.96648,92.64546,143.19188,137.28821,168.03559,95.70276,118.69817,136.04576,96.48741,62.86705,56.17428,36.05369,36.49359,99.54906,144.678,102.63264,127.07527,109.12069,107.06315,120.44406,95.08921,79.85799,46.78304,44.8962,56.38644,127.63461,140.33701,148.32036,161.82736,139.59058,126.65171,112.58793,87.49953,73.7206,48.08352,40.18788,56.84931,98.31304,122.83644,177.1891,166.53177,173.50938,172.95665,148.90085,141.25431,127.49913,63.29054,53.78271,63.20298,138.33503,159.03658,180.26007,225.31385,162.96543,185.84285,148.03587,134.51067,89.52727,66.53362,74.83142,101.82785,178.9474,183.40999,198.27579,231.48415,181.95374,203.88416,211.05045,164.18232,153.98969,99.13656,90.41506,107.71035,181.46212
"US-OK",,,,,,,,,,,,,,,,,,,,,,,,,,,,,,,,,,,,54.47,45.293,46.349,53.837,49.024,77.097,37.804,38.823,37.614,47.518,41.11,40.729,57.546,34.825,36.036,54.408,97.85727,77.73599,92.49394,68.87948,52.46444,75.80857,73.65616,80.20977,103.39839,171.167,130.034,163.978,175.018,140.594,123.136,124.905,94.703,109.432,153.335,164.893,161.246,146.091,164.988,199.325,184.308,147.111,107.695,84.252,162.21,149.54,209.134,158.885,135.605,226.85651,175.08873,220.21432,237.03166,227.51631,196.60739,170.54962,101.42058,143.25538,204.02294,208.81298,246.70338,208.73841,209.49122,272.46606,271.61002,184.01762,204.12327,162.99778,202.09418,152.24236,253.35787,269.13589,307.92477,232.23955,187.15021,398.04268,406.87059,301.75557,365.32225,261.76547,261.08083,311.47457,298.97102,407.92328,375.4872,347.63955,448.65436,529.4468,533.74916,567.09831,560.63088,332.97613,335.94272,342.7486,498.42556,625.51099,482.44197,700.53421,536.45683,756.9696,632.34207,728.69116,678.62159,567.81029,453.18004,517.77294,798.91665,831.55283,954.73698,886.21453,827.64176,1018.8196,1126.5836,1069.34882,1006.753,772.29952,681.07442,769.35995,1125.28088,1043.99637,835.12054,1175.55699,745.38791,1182.21257,1250.80394,956.93807,1096.73511,782.45998,780.6004,875.26709,901.18585,1187.58239,1002.10274,1052.52398,1079.58317,935.91614,1227.27653,1135.95092,1109.77414,1135.91663,954.97619,1310.86984,1059.56477,1586.7582,1441.7865,1422.65896,1762.71748,1990.31649,1728.26549,1701.36692,1379.64788,1725.15662,1234.10357,1506.10248,2061.88497,1718.72366,1838.14453,1929.33296,2065.24682,2427.71256,2283.93202,1883.92255,1935.41447,1452.33118,973.53828,1847.99549,2578.51572,2056.90866,2163.99229,2710.65543,2262.13279,2745.15437,2815.74744,2391.28802,2743.08626,1150.3049,2080.24914,1867.82726,1884.24276,2150.94303,2536.59662,2415.55312,2130.81515,2439.25355,2757.56828,2491.02496,2053.30504,2184.81495,2034.39137,2523.91026,2919.39086
"US-OR",3.211,2.894,7.693,6.128,5.782,6.447,7.492,4.966,4.782,7.468,6.511,25.213,37.164,21.09,44.445,33.12,29.943,31.494,33.565,26.457,25.427,23.417,30.273,39.764,27.547,36.095,67.17,27.16,42.649,27.985,25.836,21.675,35.665,44.952,53.698,33.187,50.17089,32.34706,79.31698,43.62092,62.79261,51.89022,51.78348,57.98189,53.94972,60.50111,22.61319,52.04394,40.0606,32.70882,71.92255,55.44665,54.90263,68.68066,58.05195,62.21358,63.33932,68.68041,88.23237,70.03448,112.21,69.266,69.757,66.335,70.888,69.737,69.988,72.941,71.623,85.715,113.537,59.222,72.679,74.56,99.743,96.623,108.686,121.171,101.118,104.708,98.331,79.431,83.60502,206.33926,183.35575,159.04386,238.70651,260.7198,268.66299,382.77168,263.63711,234.81672,135.52532,153.44744,121.10236,173.44463,210.62893,90.16633,339.46028,364.28645,335.53047,447.55461,321.174,442.96112,313.72609,273.00473,232.72665,98.49398,144.97188,76.66201,320.08118,498.52784,476.79577,511.39614,464.87454,459.92891,273.92412,250.60924,240.45249,201.78268,289.27472,304.78545,295.85995,516.05288,463.56006,569.8836,475.30236,571.25256,263.16112,377.92845,427.48314,220.82973,398.25613,465.26235,588.88087,498.92055,653.55333,709.3764,740.80445,659.84946,419.39498,396.5174,248.90986,563.75804,438.334,636.07575,562.67486,959.3946,698.13798,681.78694,851.8661,614.84803,649.20377,342.92805,459.29404,561.15789,447.61613,533.3671,637.96262,710.52361,787.48909,1029.82059,735.10217,649.68468,541.65457,394.09197,634.61191,453.47756,219.98981,423.16485,401.74815,635.24858,651.35693,663.03439,830.31812,748.49732,529.44959,436.54999,525.08751,567.10976,309.91847,375.04545,596.80015,776.61563,862.58751,792.90062,830.33805,643.92072,615.97803,424.6388,438.76708,489.61748,159.09042,282.05566,481.79887,683.82709,578.15696,789.57833,983.91319,607.74656,465.57577,560.41647,361.34619,273.08751,329.71144,768.18333,624.88538,732.87809,803.2646,897.54031,798.51051,834.26454,511.65313,315.33434,442.90327,388.31306,474.05959,429.02863,471.35389,766.29984,650.80161,853.53386,741.27156,606.91182,609.4595,599.88255
"US-PA",1.084,0.849,0.948,0.838,0.891,0.934,1.008,1.05,0.891,0.859,0.856,0.967,8.846,5.38,7.222,5.5,4.813,2.792,2.648,2.166,2.784,4.177,6.835,4.604,7.089,6.572,6.08,6.704,5.516,3.267,3.707,1.844,4.145,8.078,18.248,40.271,41.40745,28.51025,31.09035,32.07166,20.78995,16.47864,13.97308,11.88919,16.54206,23.51469,29.63174,40.41279,26.39581,27.02718,33.05497,25.978,19.23812,15.15113,11.62414,11.28959,15.30798,26.24133,36.95212,35.98064,37.42393,38.19623,39.02769,31.48886,26.92661,18.69578,19.32855,17.60176,21.73032,37.03601,27.27829,46.37398,48.71237,45.32279,50.99509,44.79175,25.83444,30.02763,23.39482,22.27649,26.0728,45.8577,45.6456,61.08631,77.16097,60.12031,69.49694,59.02196,65.33542,39.73578,27.43429,30.3266,35.37494,68.67928,87.42849,109.31002,57.05885,68.56541,52.85818,60.20655,73.68266,42.55437,45.80715,42.74642,91.50489,127.34049,178.37834,234.08478,223.97884,190.20899,176.26724,150.86708,127.85873,115.85408,76.90573,72.97257,132.40815,186.03196,178.90979,221.76856,173.98603,211.70855,215.16662,216.87657,113.64621,91.54859,68.60847,90.20914,86.8935,143.84728,194.58522,187.38883,251.90676,194.31919,207.26614,209.4328,107.20483,149.59503,105.51315,76.35302,120.47257,206.07786,206.73067,293.78598,355.76699,336.20521,395.55816,362.77604,294.32227,202.19953,120.92374,128.27738,157.56544,239.58674,405.48624,353.37528,403.14159,332.22161,401.75462,397.84931,226.58277,157.68189,175.41304,161.02903,178.28448,353.51684,396.6887,380.56612,390.79939,314.35257,415.84683,347.78935,206.3766,230.11514,132.23119,117.53976,156.39766,316.77016,363.15508,361.29827,411.78147,387.22776,355.14373,274.08357,184.02519,214.93972,155.07409,149.49319,178.83115,337.9024,369.53759,458.20615,258.35221,479.72192,488.60695,234.25032,320.27179,188.4737,118.09668,75.21686,193.73458,312.4616,420.15188,501.22651,412.13783,386.13682,291.67461,334.4646,287.88048,219.43496,205.84946,199.8577,221.35618,330.10992,341.22873,336.78571,321.8587,272.10857,318.88926,383.73047,295.1084,302.70965,237.70532,203.22476,259.63761,325.90986
"US-RI",,,,,,,,,,,,,,,,,,,,,,,,,,,,,,,,,,,,,,,,,,,,,,,,,,,,,,,,,,,,,,,,,,,,,,,,,,,,,,,,,,,,,,,,,,,,,,,,,,,,,,,,,,,,,0.24083,0.25175,0.27445,0.20925,0.24695,0.16077,0.19602,0.13133,0.18997,0.43434,0.36296,0.42539,0.25171,0.30314,0.28635,0.25569,0.15982,0.14429,0.15937,0.15878,0.16429,0.33923,0.37803,0.31131,0.14076,0.13886,0.12803,0.1355,0.07639,0.08983,0.08209,0.07274,0.1,0.13161,0.10484,0.17935,0.26091,0.22654,0.23935,0.24335,0.19087,0.17251,0.13926,0.17093,0.19166,0.22215,0.3013,0.23118,1.08668,0.91035,1.06532,0.97089,0.67996,0.59742,0.57831,0.45817,0.72031,0.94874,1.08519,0.81568,1.0973,0.90123,1.04047,0.92049,0.79946,0.60845,0.51705,0.44908,0.55959,0.9947,1.19662,0.98256,0.95054,0.93246,0.8166,0.73663,0.63054,0.68981,0.60088,2.19756,2.03187,2.9804,3.17779,10.78694,13.0954,11.75769,16.04077,10.57523,12.70711,13.64476,9.30678,7.91227,8.72366,14.03494,15.40701,15.6964,16.57817,14.4978,16.96988,14.29883,10.8539,9.92427,9.83434,8.71727,9.92462,15.55889,15.68482,15.76273,23.13666,18.50276,22.29618,22.77424,19.35399,16.41984,12.44193,12.00023,15.46465,21.55239
"US-SC",,,,,,,,,,,,,,,,,,,,,,,,,,,,,,,,,,,,,,,,,,,,,,,,,,,,,,,,,,,,,,,,,,,,,,,,,,,,,,,,,,,,,,,,,,,,,,,,,,,,,,,,,,,,,,,,,,,,,,,,,,,,,,,,,,,,,,,,,,,,,,,,,,,,,,,,,,,,,,,,,,,,,,,,,,,,,,,,,,,,,,,,,,,,,,,,,,,,,,,,,,,,,,,,,,,,,,,,,,,,,,,,,,
"US-SD",,,,,,,,,,,0.425,0.446,0.395,0.567,0.485,0.569,0.592,0.406,0.302,0.406,0.49,0.413,0.94,0.478,0.41,0.329,0.55,0.675,0.562,0.413,0.206,0.274,0.31,10.24,14.32,15.96,12.989,14.961,16.32,13.476,14.572,9.179,8.983,10.983,13.748,15.135,12.532,14.8,12.467,9.574,12.842,17.203,15.644,13.35,11.55,9.921,13.53,13.352,13.912,14.759,12.292,12.31,16.452,13.265,14.14,8.932,9.72,11.282,10.905,13.12,12.291,14.256,15.782,11.125,14.374,11.75,14.51,11.786,9.648,9.32,14.767,14.29,13.057,9.609,10.95821,8.82492,10.11521,13.59263,12.37423,8.84691,7.79867,7.60589,10.39249,13.68137,14.71257,26.23291,17.33987,25.00614,24.53786,53.27552,45.09438,25.46876,26.66202,33.23479,37.38914,42.89939,41.46297,48.61016,84.25474,59.811,99.12038,130.1892,149.81265,101.60649,96.82701,119.4345,132.45455,130.2646,134.07961,133.89489,182.62932,263.54056,234.33181,263.16555,283.35027,207.58696,148.63873,157.11782,141.94365,253.43739,275.13206,257.42588,232.30985,181.80041,234.12505,231.16459,217.65473,186.98703,153.13922,144.57893,161.93733,233.97757,206.29041,169.89189,260.44213,212.66708,230.1838,272.04186,236.00052,201.39536,156.56726,149.9697,201.50948,256.22998,284.04196,226.64989,257.67023,200.03469,215.52119,221.0449,192.41539,150.01802,155.32286,101.09711,184.83118,217.39473,250.1085,190.83419,244.19125,192.91368,225.69863,235.01997,212.84922,157.8426,158.7707,184.53689,206.75648,245.24765,251.42178,182.26414,274.11178,299.46104,338.03995,382.90617,279.87369,288.03517,235.02697,221.7264,304.78163,334.3772,341.87451,414.04448,218.08467,236.3507,289.8086,282.05447,256.08565,227.72896,170.34364,138.60729,230.26056,304.47123,285.29595,319.21028,288.79581,237.89692,279.55068,267.67809,204.24431,244.80696,143.22859,182.03144,229.77869,239.87794,243.58912,273.52346,271.86571,227.00812,282.20469,291.28103,235.5466,205.69589,172.43999,155.5033,229.41446,293.11544
"US-TN",,,,,,,,,,,,,0.534,0.396,0.524,0.427,0.439,0.145,0.104,0.145,0.198,0.24,0.423,0.493,0.384,0.371,0.365,0.422,0.353,0.206,0.156,0.095,0.209,0.31,0.561,0.501,0.467,0.324,0.522,0.379,0.369,0.134,0.048,0.153,0.187,,0.776,0.454,0.547,0.308,0.406,0.364,0.106,0.145,0.222,0.102,0.125,0.181,0.542,0.291,7.39,4.979,6.062,5.469,3.537,2.141,2.747,1.628,3.564,4.62,6.172,6.289,8.01,4.778,4.971,4.796,2.283,2.117,2.528,1.487,1.618,4.841,5.659,6.849,5.454,5.388,6.134,4.433,5.703,2.86,1.467,1.148,2.82,2.633,4.267,7.81,5.449,5.226,6.732,6.042,5.224,1.553,2.81,2.262,1.689,5.27,3.362,6.128,3.743,2.923,4.147,5.295,4.582,2.072,1.346,1.259,2.076,4.242,4.634,4.251,3.591,6.466,5.554,7.955,4.032,2.507,0.796,1.879,2.61,3.577,7.815,6.361,7.294,5.519,5.335,4.64,2.154,1.801,1.655,1.445,3.199,4.267,3.279,6.904,4.837,4.225,4.057,5.415,4.49,3.228,2.108,1.51,1.871,3.333,5.959,5.712,7.37,4.58,4.591,6.326,4.115,2.328,2.341,1.501,1.879,5.444,6.207,4.458,5.132,3.627,5.117,5.57,3.182,1.856,1.995,1.493,1.219,4.162,4.919,7.569,4.474,4.379,5.972,4.233,3.037,1.116,1.725,1.396,1.386,3.371,3.067,3.591,3.42937,3.59445,4.30785,4.27358,3.82475,3.33694,2.75471,2.24809,3.09233,4.28152,4.05768,4.12574,3.93858,3.50666,4.07762,4.0539,3.61355,3.7892,2.36618,2.9821,2.69388,3.11031,3.31171,3.56532,,,,5.5285,3.65337,,,,,
"US-TX",83.931,141.647,87.631,115.487,103.312,92.156,76.348,55.825,75.75,123.255,89.264,142.904,287.16,194.607,238.396,236.924,264.416,257.712,218.034,247.536,163.651,173.421,170.311,203.936,171.01,190.098,215.447,260.324,209.163,213.226,239.586,192.641,196.229,168.134,227.643,286.351,253.12394,251.04995,292.65972,304.79032,392.8625,288.89813,220.80204,160.46337,209.18994,212.44205,238.35582,313.05222,311.80639,208.75962,349.82932,432.16157,384.81184,450.6885,308.86399,261.20469,314.75764,348.4446,324.76203,541.11881,534.74175,425.14907,552.25438,604.82686,631.81998,487.89653,472.04107,358.14384,500.81219,668.65941,766.08585,668.08408,497.5629,711.76862,756.5592,798.36189,596.15145,576.6543,435.94388,867.41138,741.21413,1057.41899,943.82022,1023.51604,1149.75604,1180.10686,1581.42789,1595.90452,1683.46276,1748.4909,1222.26794,646.6283,638.24439,1454.68425,1433.23984,1890.808,1656.34226,1719.29133,1905.33902,2028.1807,1519.58207,1613.31606,1393.97278,1457.78357,1218.43581,1932.63672,1801.64208,1779.58062,1982.64706,1672.16764,2665.65796,2731.3833,2336.90021,2562.4547,1863.15679,1658.03661,1588.65831,1830.304,2765.45485,2594.58814,2063.69265,2528.33791,2688.71479,3066.34696,3098.92729,3357.43203,2085.46911,1954.59969,1693.65181,2671.46999,2832.35336,2507.09164,3057.23302,2599.27343,3340.68023,2969.49553,2841.37534,2614.70401,2115.44126,1871.61514,2173.5437,2742.22036,2642.80681,3245.78383,2656.18857,2983.56479,3809.68339,3760.73968,3963.29495,3378.88595,2397.78782,2129.99279,2005.09104,3081.71375,3030.06791,2676.61031,3915.7002,2656.39041,3770.53983,3996.69153,3518.38624,4209.45101,2770.08988,2550.91353,2319.77147,2981.19815,3994.16741,3321.82386,3031.29897,3267.79165,2543.79907,4098.79862,4371.47879,3410.8346,4059.35964,3217.83857,3464.84232,3660.71241,4722.37236,4984.23801,4450.91844,5120.44464,5635.2791,4736.84338,5172.88725,3781.5647,5674.9113,3702.05462,3915.41865,5451.20877,4516.30116,5372.95198,5685.14787,5657.79926,6919.26775,6779.98556,6257.99378,4831.88462,4516.32784,3661.65994,4813.22886,6170.96236,6139.4164,5627.42005,6602.45229,6041.10297,7209.9128,7476.86188,7671.80055,7688.99776,4647.1136,5968.27419,4164.62387,5599.33735,6073.54707,6556.40936,6817.25609,6584.31123,6830.25047,7860.93004,7718.47037,6310.98411,6801.66557,6463.40696,6750.39915,7722.57197
"US-UT",,,,,,,,,,,,,,,,,,,,,,,,,,,,,,,,,,,,,,,,,,,,,,,,,,,,,,,,,,,,,,,,,,,,,,,,,,,,,,,,,,,,,,,,,,,2.75418,2.87478,2.79642,4.26288,5.24456,5.96719,5.22833,4.02509,4.53194,4.0719,3.27476,2.53634,2.31623,2.5179,33.33082,47.49981,15.32375,34.87997,30.15326,15.33355,45.39745,42.86401,50.02421,37.05431,36.03111,58.53044,38.96221,25.61586,25.56336,42.15023,15.57424,54.41718,59.57698,43.36499,56.34679,70.02413,55.54987,64.26364,21.3707,36.45982,65.47156,30.3701,33.27683,37.99555,97.88791,60.92295,78.94521,93.09503,55.66435,38.70626,32.56707,40.42351,55.01463,79.41171,21.68912,30.51293,40.35308,31.87525,60.61894,71.32104,53.79872,52.81201,55.88482,45.36758,47.45767,28.11484,27.15888,70.48998,73.95799,53.76881,70.50131,72.41448,58.24073,50.35169,37.49688,38.12995,55.70915,51.73116,30.48638,40.42714,46.59799,60.48795,56.29826,58.92543,69.45616,52.20215,65.44731,30.69486,52.96591,61.92746,38.40948,25.9732,84.2447,48.43723,65.03781,82.18079,84.896,67.43478,76.95077,88.77527,59.78386,100.15812,105.29703,108.73729,79.20175,57.12016,61.35717,77.4359,51.72129,52.23709,51.64762,50.34841,97.58469,65.56361,59.81381,58.15492,87.15086,63.71971,58.63136,82.11824,60.76591,75.87728,75.07032,57.46888,61.88638,53.89734,56.49721,96.26382,69.73744,65.89182,72.89603,64.5985,75.84647,69.04361,69.8303,62.86651
"US-VA",,,,,,,,,,,,,,,,,,,,,,,,,,,,,,,,,,,,,,,,,,,,,,,,,,,,,,,,,,,,,,,,,,,,,,,,,,,,,,,,,,,,,,,,,,,,,,,,,,,,,,,,,,,,,,,,,,,,,,,,,,,,,,,,,,,,,,,,,,,,,,,,,,,,,,,,,,,,,,,,,,,,,,,,,,,,,,,,,,,,,,,,,,,,,,,,,,,,,,,,,,,,,,,,,,,,,,,,,,,,,,,,,,
"US-VT",1.377,1.472,1.407,0.903,0.976,0.771,0.696,0.467,0.582,1.126,1.107,1.249,1.504,,1.131,0.992,1.123,0.488,0.825,0.335,0.632,0.988,0.856,1.498,0.913,0.994,1.265,0.751,0.508,0.62,0.703,0.691,0.744,0.992,1.178,1.47,1.088,1.285,0.728,1.224,0.855,0.777,0.325,0.503,0.842,0.947,1.375,1.415,1.324,0.965,1.334,0.934,0.694,0.604,0.663,0.519,0.88,1.16,1.166,1.243,0.917,0.947,1.08,0.908,0.838,0.388,0.59,0.78,0.881,1.36,0.748,1.251,1.213,1.089,1.243,0.738,0.706,0.681,0.635,0.474,0.508,0.983,1.136,1.105,1.386,0.997,0.997,0.628,0.949,0.68,0.49,0.625,0.491,0.993,1.026,0.973,1.504,1.468,1.07,1.224,0.864,0.344,0.535,0.416,0.513,1.152,0.989,1.51,1.359,1.609,1.287,1.205,0.843,0.823,0.746,0.768,0.962,1.511,1.025,1.754,0.912,0.961,1.333,1.129,0.476,0.667,0.698,0.637,0.454,4.61,10.752,10.556,11.76,8.66,8.372,10.953,7.233,7.031,4.002,4.118,6.566,11.703,13.535,12.964,22.93635,21.84355,18.46371,19.77115,20.95693,15.29195,12.77769,15.76289,18.44015,23.35656,25.187,21.24607,31.49707,24.82284,30.69541,33.58872,26.72832,17.5066,16.6588,16.51461,23.30314,32.21837,33.25807,24.51804,37.85371,30.13199,34.40739,32.27108,29.15494,21.03923,20.93897,16.17736,14.708,31.27902,31.53193,25.87138,31.44021,31.00294,25.60595,23.36475,23.87106,26.20199,19.81455,19.92943,18.10646,25.1067,19.77708,26.96089,27.7732,31.16523,31.48769,22.98159,22.75446,20.77758,13.47558,17.16266,18.06725,27.00474,32.32469,40.43134,40.84513,34.59955,38.80249,30.01702,29.41347,24.11887,20.63731,18.4552,21.72592,40.51085,35.50182,38.71838,33.77137,27.98328,35.5768,41.54952,31.58281,33.22067,25.70751,23.92684,28.46883,35.59528
"US-WA",,,,,,,,,,,,,48.165,20.573,51.055,35.357,27.961,32.637,35.508,31.107,33.53,25.57,33.299,41.819,28.414,35.201,71.159,75.852,42.479,74.182,61.351,54.592,33.358,42.279,51.822,32.985,70.00758,59.15639,84.52479,61.89766,72.25169,47.95968,39.2555,46.53766,56.92401,65.25363,57.57765,75.22979,29.818,22.959,56.127,41.823,47.824,62.999,33.923,38.285,39.536,44.419,49.375,31.382,151.245,80.937,85.225,76.677,72.614,59.248,80.8,52.627,48.994,62.996,184.141,82.147,151.21,154.833,210.651,196.938,182.81,210.675,155.546,200.0044,201.38057,206.43984,195.59992,371.73528,314.22295,297.35567,360.74285,375.0795,330.21272,396.59914,306.99109,297.02027,169.65948,237.55246,253.04488,319.00329,316.36785,144.35544,434.70831,321.90557,329.86459,356.26688,239.25244,345.14231,281.83821,307.45306,334.3578,160.9731,221.02322,129.57779,400.69345,619.19784,522.23939,518.82349,421.86532,470.53462,361.4661,348.4102,402.31931,328.52778,518.64527,483.97466,513.42413,745.4663,557.16636,636.90512,529.22948,572.49066,367.25278,496.77907,499.32109,341.72511,531.3491,511.22743,776.61768,607.40917,682.26015,724.13155,468.51735,483.70448,316.10328,515.70159,344.77019,637.97379,502.42833,672.27527,648.69915,889.72777,609.97632,537.37339,568.05327,456.06593,587.32936,350.26628,504.76771,677.40222,447.73448,539.50243,753.70308,769.75723,723.45167,783.41445,552.18771,490.76235,516.60232,479.60056,678.60223,532.47535,303.6825,491.85425,572.88086,680.5514,523.79664,567.02251,772.25272,716.76001,554.26848,577.85963,607.87287,706.58313,437.98153,630.88682,818.55646,698.81522,796.99928,779.94,735.28868,574.73041,683.9639,605.99172,605.67163,673.02137,318.32253,580.11343,824.1397,917.55472,350.79099,615.91835,580.39754,424.9483,484.70157,798.48583,708.41454,321.32322,447.07157,862.62528,707.90996,793.40013,751.37233,836.27843,756.31335,819.25757,559.13168,393.65934,515.77557,457.29879,659.59548,573.7545,647.12089,869.10896,651.04736,699.43183,559.65257,476.82667,611.55675,719.25885
"US-WI",4.482,3.55,3.436,5.266,3.88,4.381,3.583,4.023,6.41,12.297,11.316,9.66,5.115,6.139,5.044,4.548,3.68,2.28,1.926,2.083,3.006,3.39,3.62,5.349,5.218,8.731,10.051,10.22,8.404,4.838,5.713,4.21,8.182,8.296,11.798,11.919,10.28298,9.08072,12.77827,9.63647,8.51579,5.38827,3.69755,5.29547,7.97023,10.58686,7.74895,12.58146,7.75143,7.27845,9.00594,9.17157,8.26315,6.87801,4.74479,3.3733,7.65094,7.34135,13.27429,7.81078,10.65357,8.94997,9.82679,12.05647,8.32344,5.06518,5.35889,3.67707,6.83488,10.37383,7.91187,12.34406,10.79788,10.24464,11.59262,11.40913,10.68477,6.46978,4.28337,4.2039,8.98836,11.26142,11.66282,7.68432,4.76549,3.03208,3.48418,5.27075,16.00016,28.4209,43.34568,30.34917,44.72984,84.79653,86.1669,136.77933,98.09227,116.59847,122.90229,115.70308,113.77803,60.47792,52.13462,68.95153,35.14521,79.86111,93.83647,94.48401,114.43602,61.25305,86.44173,136.49021,88.52587,56.69229,59.39215,64.85896,90.314,93.75793,128.1237,108.1781,82.67459,130.53212,95.96335,124.3576,128.36495,83.12484,55.61328,43.86842,75.76355,104.77281,134.30438,128.3901,194.085,121.64735,173.36698,144.05161,133.48435,116.71207,66.04243,76.45938,104.20744,152.27016,137.95581,137.29543,196.29047,147.96677,132.37526,186.96217,136.16468,74.21611,66.90673,63.8276,98.79326,126.63049,191.72678,136.0637,212.65734,160.84137,163.92408,181.68745,118.58309,101.23494,90.25329,54.81238,90.8528,151.10355,171.36828,120.68243,141.51868,128.93433,148.90384,150.17422,151.55424,72.39683,75.81304,94.11642,93.96456,159.52509,197.71015,174.76959,142.9156,159.23516,126.65307,150.50984,123.23998,91.87542,82.71666,57.44122,110.84981,122.3869,147.00506,200.43229,8.57415,10.68366,11.50024,10.39785,9.44517,7.68951,4.49122,5.30781,48.60305,514.56989,509.30752,500.11693,218.25307,161.7239,182.73035,145.40231,122.61511,94.19936,76.00276,78.58091,92.58954,159.02896,148.14296,158.38877,142.88825,125.0606,138.25057,193.74728,139.48635,157.97655,125.318,99.82907,118.23173,141.37882
"US-WV",,,,,,,,,,,,,,,,,,,,,,,,9.023,15.891,14.861,16.669,16.855,13.795,9.999,10.782,4.475,11.789,15.657,18.58,20.409,23.971,17.299,17.954,16.399,11.698,7.604,8.271,4.474,9.294,10.353,14.825,19.049,13.941,15.242,17.059,16.377,10.603,8.977,5.479,6.557,7.56,12.384,18.054,21.659,23.878,23.127,16.268,13.432,13.26,5.947,7.638,7.324,9.568,19.314,11.42,22.581,22.132,20.089,17.477,19.278,8.95,6.542,7.417,4.848,6.463,13.064,19.154,22.174,21.648,18.702,24.696,20.08,19.684,26.239,18.859,21.707,24.446,55.67,67.681,72.498,85.665,85.703,68.664,71.277,31.473,48.756,48.907,32.179,45.588,70.665,67.821,85.741,92.442,78.848,84.784,85.557,65.5,69.08,48.812,32.813,66.482,113.717,89.47,111.667,101.574,113.143,111.632,113.677,49.389,62.169,44.586,68.32531,59.929,122.172,124.186,131.73,201.051,146.699,136.302,129.68,59.474,90.449,85.006,40.66,64.913,98.38,100.033,133.377,174.747,153.557,173.78,140.325,134.27,78.015,54.808,57.737,51.495,57.865,157.437,152.48,166.04,145.829,167.456,143.129,100.093,62.109,75.998,64.252,66.991,153.883,156.723,148.88,158.079,136.752,181.342,137.369,74.711,103.31,65.059,44.066,70.563,122.011,146.65,136.32,166.312,164.238,133.924,120.197,74.085,92.137,69.056,57.166,67.326,130.281,135.453,221.979,158.92358,103.03202,200.65934,183.09023,190.37526,137.08997,94.32605,51.56053,69.62049,116.13102,166.52153,211.01101,184.51189,159.6929,180.79192,181.45913,145.68105,143.81081,88.06305,109.84375,105.96774,147.43421,157.8293,164.89826,168.77514,138.10705,154.58893,188.77145,151.27329,157.77958,104.7381,90.75354,111.44887,153.98898
"US-WY",25.784,22.671,21.956,13.247,16.013,22.828,23.136,22.838,23.136,57.769,62.057,53.724,41.829,38.066,35.1,39.981,34.283,29.934,30.322,34.27,33.71,38.522,45.067,46.247,44.855,32.632,47.914,23.44,24.315,19.253,11.672,13.782,22.393,34.624,43.916,47.683,77.118,46.169,62.807,50.06,62.69,36.625,30.695,32.739,44.406,51.313,46.219,75.674,68.0846,48.17979,74.09425,56.88608,53.13188,52.21217,35.1027,36.93992,46.36159,50.1108,98.0316,98.12862,104.06297,88.4129,51.09801,65.37658,58.78884,38.89666,31.66503,36.66143,38.23793,78.00102,88.0146,79.84502,76.56855,94.24732,70.8131,51.76951,44.04563,42.92902,23.38223,40.05539,52.16231,69.62788,90.19369,99.08637,66.80017,81.23203,82.10762,63.37462,36.97445,50.5,40.53633,50.88211,52.59873,90.81324,133.47062,213.25209,194.05909,177.28403,234.60836,128.12603,138.77098,137.64579,103.19798,95.55914,129.16166,252.27836,262.66605,372.8471,283.22916,217.03445,235.20785,301.4137,260.0642,208.49779,196.47228,186.58455,203.62571,315.96036,428.80226,409.90073,549.88503,461.29037,494.32975,441.52534,373.56235,289.52314,213.62536,222.93392,203.30913,375.09743,510.79794,475.98824,632.26515,356.51166,503.26749,346.55515,304.27447,293.55932,174.41918,200.8096,184.00552,399.06606,481.05233,493.32109,555.59489,441.55543,407.22478,403.5403,308.35003,261.83534,165.34362,170.23841,284.53117,366.10977,460.64822,608.31205,617.67507,455.94858,509.13166,412.03142,258.49488,270.50634,177.39943,191.01282,217.86869,356.79587,506.41826,432.47399,442.74861,397.52157,357.18109,263.69437,240.39066,158.87823,205.54893,202.0205,258.56522,284.48691,444.70223,500.96969,497.41912,558.4003,435.234,299.62609,261.16495,206.55248,263.60669,218.10882,276.35802,429.06271,381.17478,562.63005,359.0225,351.22288,371.20792,393.94255,380.0829,310.69843,261.24477,272.79517,297.6058,442.38987,431.11432,449.32789,357.91368,332.28573,418.89492,422.69515,314.45727,347.95229,277.68181,287.9656,292.95388,309.38334,339.61009,355.36426,367.57983,309.96474,376.56718,429.01453,331.80115,332.2993,268.1422,230.74549,306.95935,380.64764